{"RuleTriggered": 0, "Violations": 0, "Details": {"step_num": {"first": 1650568839786004, "last": 1650569861462332}, "job_start": 1650568715.192594, "job_end": 1650569879.69278}, "Datapoints": 110, "RuleParameters": "threshold:20"}