{"RuleTriggered": 0, "Violations": 0, "Details": {"ratio": {"cpu_functions": 100.0}, "phase": {"Step:ModeKeys.TRAIN": 76.26903292676487, "others": 11.34236234310685, "Step:ModeKeys.EVAL": 9.258829485674413, "Step:ModeKeys.PREDICT": 3.1297752444538705}, "phase_time": {}, "CPU": {"aten::conv2d": 16.65809885490149, "aten::convolution": 16.657425942046757, "aten::_convolution": 16.656934038604692, "aten::mkldnn_convolution": 16.655605188696203, "aten::batch_norm": 4.693220144798489, "aten::_batch_norm_impl_index": 4.692253905894438, "aten::native_batch_norm": 4.691260821537689, "aten::max_pool2d": 2.1879519665132032, "aten::max_pool2d_with_indices": 2.1191176596890746, "enumerate(DataLoader)#_SingleProcessDataLoaderIter.__next__": 14.988131477317953}, "CPU_total": {"aten::conv2d": 84390510, "aten::convolution": 84387101, "aten::_convolution": 84384609, "aten::mkldnn_convolution": 84377877, "aten::batch_norm": 23776017, "aten::_batch_norm_impl_index": 23771122, "aten::native_batch_norm": 23766091, "aten::max_pool2d": 11084241, "aten::max_pool2d_with_indices": 10735524, "enumerate(DataLoader)#_SingleProcessDataLoaderIter.__next__": 75930397}, "general": {"DataLoaderIterInitialize": 0.0013559337606555348, "DataLoaderIter": 8.347741156928887, "Forward": 91.65090290931046}}, "Datapoints": 0, "RuleParameters": ""}