{"RuleTriggered": 1, "Violations": 3, "Details": {"pin_memory": false, "num_workers": 0, "cores": 8, "dataloaders": 1, "dataloading_time": {"p25": 3.5748785, "p50": 3.712405, "p95": 4.55425995, "probs": [1, 0, 0, 0, 0, 0, 0, 0, 0, 0, 0, 0, 0, 0, 0, 0, 0, 0, 0, 0, 0, 0, 0, 0, 1, 0, 0, 1, 1, 0, 0, 1, 1, 2, 0, 1, 0, 1, 1, 0, 0, 0, 2, 0, 1, 0, 0, 0, 1, 0, 1, 0, 0, 0, 0, 0, 0, 1, 0, 0, 0, 0, 1, 0, 0, 0, 0, 0, 0, 0, 0, 0, 0, 1, 0, 0, 0, 0, 0, 0, 0, 0, 0, 0, 0, 0, 0, 0, 0, 0, 0, 0, 0, 0, 0, 0, 0, 0, 0, 1], "binedges": [2.845292, 2.86812081, 2.89094962, 2.9137784300000003, 2.9366072400000003, 2.9594360500000003, 2.9822648600000004, 3.00509367, 3.02792248, 3.05075129, 3.0735801, 3.09640891, 3.11923772, 3.14206653, 3.16489534, 3.18772415, 3.2105529600000002, 3.2333817700000003, 3.2562105800000003, 3.2790393900000003, 3.3018682000000004, 3.3246970100000004, 3.3475258200000004, 3.3703546300000005, 3.39318344, 3.41601225, 3.43884106, 3.46166987, 3.48449868, 3.50732749, 3.5301563000000002, 3.5529851100000003, 3.5758139200000003, 3.5986427300000003, 3.62147154, 3.64430035, 3.66712916, 3.68995797, 3.71278678, 3.73561559, 3.7584444, 3.78127321, 3.80410202, 3.8269308300000002, 3.8497596400000003, 3.8725884500000003, 3.8954172600000003, 3.9182460700000004, 3.9410748800000004, 3.9639036900000004, 3.9867325000000005, 4.0095613100000005, 4.0323901200000005, 4.0552189300000006, 4.078047740000001, 4.100876550000001, 4.123705360000001, 4.146534170000001, 4.169362980000001, 4.192191790000001, 4.215020600000001, 4.23784941, 4.26067822, 4.28350703, 4.30633584, 4.32916465, 4.35199346, 4.37482227, 4.39765108, 4.42047989, 4.4433087, 4.46613751, 4.48896632, 4.51179513, 4.53462394, 4.55745275, 4.58028156, 4.6031103700000005, 4.6259391800000005, 4.6487679900000005, 4.6715968000000005, 4.694425610000001, 4.71725442, 4.74008323, 4.76291204, 4.78574085, 4.80856966, 4.83139847, 4.85422728, 4.87705609, 4.8998849, 4.92271371, 4.94554252, 4.96837133, 4.99120014, 5.01402895, 5.03685776, 5.05968657, 5.08251538, 5.10534419, 5.128173]}}, "Datapoints": 20, "RuleParameters": "min_threshold:70\nmax_threshold:200"}